{
  "version": "6.1_stat_params_only",
  "params": {
    "cont_min": [
      283.0,
      252.0,
      71316.0,
      0.5366906474820143,
      0.0,
      0.0,
      0.0,
      0.0,
      0.0,
      0.0,
      0.0,
      0.0
    ],
    "cont_range": [
      917.0,
      1548.0,
      2088684.0,
      1.15775379696243,
      647245.8400000001,
      0.339899880952381,
      120.10000000000002,
      161.73103448275862,
      422.0,
      298.0,
      100.53423850731103,
      59.69348201840441
    ],
    "count_max_log": [
      3.4011973816621555,
      2.1972245773362196,
      2.70805020110221,
      0.6931471805599453,
      0.6931471805599453,
      1.9459101490553132,
      2.8903717578961645,
      1.3862943611198906,
      0.6931471805599453,
      1.3862943611198906,
      0.6931471805599453,
      0.6931471805599453,
      2.70805020110221
    ]
  }
}